,target,feature,weight
0,2,אב,0.025952467305543004
1,2,אבא,-3.061242460127348
